,school_dist,SAT Critical Reading Avg. Score,SAT Math Avg. Score,SAT Writing Avg. Score,sat_score,AP Test Takers ,Total Exams Taken,Number of Exams with scores 3 4 or 5,Cohort,Total Cohort,NUMBER OF STUDENTS / SEATS FILLED,NUMBER OF SECTIONS,AVERAGE CLASS SIZE,SIZE OF SMALLEST CLASS,SIZE OF LARGEST CLASS,SCHOOLWIDE PUPIL-TEACHER RATIO,schoolyear,fl_percent,frl_percent,total_enrollment,grade9,grade10,ell_num,ell_percent,sped_num,sped_percent,asian_num,asian_per,black_num,black_per,hispanic_num,hispanic_per,white_num,white_per,male_num,male_per,female_num,female_per,rr_s,rr_t,rr_p,N_s,N_t,N_p,saf_p_11,com_p_11,eng_p_11,aca_p_11,saf_t_11,com_t_11,eng_t_11,aca_t_11,saf_s_11,com_s_11,eng_s_11,aca_s_11,saf_tot_11,com_tot_11,eng_tot_11,aca_tot_11,grade_span_max,expgrade_span_max,zip,total_students,number_programs,priority08,priority09,priority10,lat,lon
0,1,441.8333333333333,473.3333333333333,439.3333333333333,1354.5,116.68108974358977,173.0192307692308,135.79999999999998,2006.0,93.5,115.24424081035922,5.148538011695907,22.67541510025063,18.7983918128655,26.553044068504594,0.0,20112012.0,0.0,58.98333333333333,668.5,125.33333333333333,109.0,42.166666666666664,10.000000000000002,82.0,17.083333333333332,134.5,17.516666666666666,125.5,22.333333333333332,214.83333333333334,40.73333333333333,186.0,18.45,328.1666666666667,50.050000000000004,340.3333333333333,49.949999999999996,76.5,85.33333333333333,33.166666666666664,525.3680555555555,38.5,239.16666666666666,8.233333333333334,7.8,7.6833333333333345,8.016666666666667,7.066666666666667,6.233333333333333,6.699999999999999,7.5,6.7686111111111105,6.165787037037036,6.736712962962962,7.446898148148148,7.433333333333333,6.816666666666666,7.116666666666667,7.683333333333333,12.0,12.0,10003.166666666666,659.5,1.3333333333333333,0.0,0.0,0.0,40.71902243866714,-73.98237720066633
1,2,426.619092039801,444.1862562189055,424.8328358208955,1295.638184079602,128.908453525641,201.5168269230769,157.4958333333333,1713.4583333333333,158.6478494623656,149.81894900523238,5.686359681394027,25.03811803956493,20.662667246718133,28.59386142547181,0.0,20112012.0,0.0,63.16458333333333,605.6041666666666,183.22916666666666,166.29166666666666,51.625,13.006250000000001,70.77083333333333,13.212499999999997,118.39583333333333,14.479166666666663,141.14583333333334,24.733333333333324,271.4583333333333,49.554166666666696,68.54166666666667,10.05625,266.5,44.71874999999999,339.1041666666667,55.28125,83.3125,86.41666666666667,38.333333333333336,495.1710069444444,31.6875,190.0,8.254166666666665,7.495833333333334,7.379166666666667,7.704166666666668,7.404166666666665,6.520833333333335,7.120833333333333,7.564583333333334,6.910659722222221,6.204056712962963,6.650422453703704,7.385028935185184,7.520833333333333,6.720833333333334,7.037500000000002,7.541666666666665,12.0,12.0,10023.770833333334,621.3958333333334,1.4166666666666667,0.0,0.0,0.0,40.73969949983381,-73.99138567329133
2,3,428.52985074626866,437.99751243781094,426.91567164179105,1293.4430348258709,156.18349358974362,244.52243589743588,193.08749999999998,1504.5,183.38440860215053,156.00599435286935,5.839200498575498,23.71631066849817,19.737592846967846,27.12283145095645,0.0,20112012.0,0.0,58.050000000000004,661.4166666666666,203.25,175.91666666666666,36.916666666666664,9.025000000000002,63.583333333333336,14.5,68.0,6.408333333333334,181.83333333333334,34.0,228.25,44.53333333333333,172.0,13.725000000000001,272.1666666666667,47.95000000000001,389.25,52.04999999999998,83.16666666666667,80.83333333333333,36.166666666666664,519.25,28.166666666666668,206.41666666666666,8.316666666666666,7.541666666666668,7.508333333333333,7.758333333333333,6.675,5.991666666666667,6.533333333333334,6.9916666666666645,6.716666666666666,6.258333333333333,6.6333333333333355,7.374999999999999,7.233333333333334,6.616666666666666,6.891666666666667,7.391666666666666,12.0,12.0,10023.75,717.9166666666666,2.0,0.0,0.0,0.0,40.781574109500475,-73.97737016149965
3,4,402.14285714285717,416.2857142857143,405.7142857142857,1224.142857142857,129.01648351648353,183.8791208791209,151.03571428571428,2006.0,113.85714285714286,132.36226490596235,5.1926103774843275,24.10104841936775,19.740816326530613,27.460290782979857,0.0,20112012.0,0.0,71.00000000000001,569.2857142857143,142.42857142857142,149.14285714285714,21.571428571428573,4.557142857142857,58.57142857142857,13.214285714285714,61.142857142857146,6.128571428571428,151.71428571428572,30.02857142857143,341.57142857142856,61.40000000000001,9.285714285714286,1.3142857142857143,193.28571428571428,30.514285714285712,376.0,69.48571428571428,87.57142857142857,92.71428571428571,41.285714285714285,504.85714285714283,32.42857142857143,193.14285714285714,8.385714285714286,7.6571428571428575,7.499999999999999,7.92857142857143,7.871428571428571,7.042857142857143,7.428571428571429,7.885714285714286,6.885714285714285,6.114285714285714,6.685714285714286,7.571428571428571,7.714285714285714,6.942857142857143,7.185714285714285,7.785714285714286,12.0,12.0,10029.857142857143,580.8571428571429,1.1428571428571428,0.0,0.0,0.0,40.793448842857615,-73.94321519514251
4,5,427.1599147121536,438.2366737739872,419.66609808102345,1285.062686567164,85.72252747252749,115.72527472527473,142.46428571428572,1432.857142857143,143.67741935483872,120.62390109890111,4.8451007326007325,24.290247252747253,20.447527472527472,27.746703296703295,0.0,20112012.0,0.0,58.67142857142858,605.8571428571429,146.14285714285714,127.85714285714286,21.571428571428573,4.157142857142857,59.714285714285715,10.428571428571429,32.714285714285715,7.3,342.57142857142856,49.0,195.57142857142858,36.214285714285715,31.285714285714285,6.714285714285714,300.0,48.47142857142858,305.85714285714283,51.52857142857142,82.85714285714286,79.28571428571429,40.42857142857143,442.42857142857144,27.714285714285715,184.85714285714286,8.085714285714287,7.3428571428571425,7.3571428571428585,7.685714285714285,6.857142857142857,5.885714285714286,6.242857142857142,6.957142857142856,6.314285714285714,6.0,6.428571428571429,7.285714285714286,7.0857142857142845,6.414285714285714,6.671428571428571,7.314285714285715,12.0,12.0,10030.142857142857,609.8571428571429,1.1428571428571428,0.0,0.0,0.0,40.81707656500047,-73.94925139814252
5,6,382.0119402985075,400.565671641791,382.06626865671643,1164.643880597015,108.71153846153848,159.7153846153846,105.425,1203.6,180.8483870967742,139.04170891973524,5.285859520596363,25.324198621553883,20.556125971981235,29.21787160208213,0.0,20112012.0,0.0,84.25,621.8,166.3,153.8,165.7,30.04,80.1,14.95,7.8,0.8099999999999999,82.0,11.47,523.9,86.37999999999998,5.0,0.72,333.6,53.79,288.2,46.21,85.0,83.5,54.6,482.3,33.0,261.5,8.53,7.990000000000002,7.749999999999998,8.05,7.49,6.609999999999999,7.06,7.659999999999999,6.95,6.15,6.7,7.510000000000001,7.659999999999999,6.919999999999999,7.17,7.76,12.0,12.0,10036.2,628.9,1.3,0.0,0.0,0.0,40.84896996940048,-73.93250229019965
6,7,376.46153846153845,380.46153846153845,371.9230769230769,1128.8461538461538,73.70340236686391,112.47633136094676,105.27692307692308,1851.6923076923076,105.60545905707197,97.59741647241647,4.146610334110334,23.56003676878677,19.39446525696526,27.004051504051503,0.0,20112012.0,0.0,79.63076923076923,481.0,117.38461538461539,116.61538461538461,72.0,16.661538461538463,84.84615384615384,17.446153846153845,8.0,1.7076923076923074,144.46153846153845,29.253846153846155,322.0,67.6076923076923,3.769230769230769,0.8,261.7692307692308,53.13846153846154,219.23076923076923,46.86153846153846,80.53846153846153,77.15384615384616,42.92307692307692,376.2307692307692,25.846153846153847,187.6153846153846,8.423076923076922,7.761538461538461,7.6,7.907692307692306,6.9692307692307685,6.315384615384615,6.784615384615384,7.284615384615384,6.800000000000001,6.184615384615385,6.6461538461538465,7.453846153846153,7.392307692307693,6.746153846153846,7.007692307692308,7.553846153846154,12.0,12.0,10452.692307692309,465.84615384615387,1.4615384615384615,0.0,0.0,0.0,40.81681483861586,-73.9199714805381
7,8,386.21438263229305,395.5427408412483,377.9080054274084,1159.6651289009499,118.37937062937063,168.02097902097907,144.7318181818182,1458.909090909091,215.51026392961876,129.76509854954128,5.165710386105122,23.81319229403208,19.38535469948009,27.36214127719546,0.0,20112012.0,0.0,76.66363636363634,684.5454545454545,231.8181818181818,168.8181818181818,72.9090909090909,15.79090909090909,140.54545454545453,19.60909090909091,30.272727272727273,2.809090909090909,179.8181818181818,27.809090909090912,433.54545454545456,66.10909090909091,36.18181818181818,2.5545454545454547,355.0,45.45454545454545,329.54545454545456,54.54545454545455,69.45454545454545,77.63636363636364,36.63636363636363,459.83712121212125,34.0,148.54545454545453,8.172727272727272,7.636363636363637,7.454545454545454,7.718181818181819,7.1090909090909085,6.254545454545453,6.781818181818181,7.390909090909091,6.364696969696968,5.954065656565657,6.4018434343434345,7.143762626262627,7.218181818181819,6.645454545454545,6.863636363636363,7.409090909090909,12.0,12.0,10467.0,547.6363636363636,1.2727272727272727,0.0,0.0,0.0,40.8238031502732,-73.86608739018146
8,9,373.7559701492537,383.5828358208955,374.6331343283582,1131.9719402985074,71.41153846153847,104.26538461538465,98.47000000000001,1705.1,113.33064516129032,100.11858848667671,4.335503618113913,23.98637927350427,19.543005458593694,28.447127639517344,0.0,20112012.0,0.0,76.8,442.8,123.1,106.25,78.9,19.945,74.15,16.654999999999998,7.0,1.48,151.9,33.11,278.25,64.135,3.0,0.6649999999999999,220.7,48.99499999999999,222.05,50.995000000000005,84.2,84.65,40.65,349.15,25.45,162.3,8.510000000000002,7.9300000000000015,7.754999999999998,8.08,6.935,6.305000000000001,6.904999999999999,7.355000000000001,6.654999999999999,6.145,6.705,7.49,7.364999999999999,6.794999999999999,7.109999999999999,7.664999999999999,12.0,12.0,10456.1,449.7,1.15,0.0,0.0,0.0,40.83634865645048,-73.90624017769963
9,10,403.3636363636364,418.0,400.8636363636364,1222.2272727272727,132.2312062937063,226.91433566433568,191.6181818181818,2006.0,161.3181818181818,168.87652567161084,6.512691384982406,24.244350372494726,18.897297484507238,28.58386004690185,0.0,20112012.0,0.0,72.26818181818182,818.5454545454545,228.04545454545453,198.4090909090909,129.0909090909091,18.177272727272726,99.04545454545455,13.622727272727275,119.68181818181819,6.631818181818182,169.0909090909091,23.027272727272727,453.54545454545456,63.27272727272726,71.4090909090909,6.527272727272726,413.1818181818182,48.58636363636364,405.3636363636364,51.41363636363636,82.72727272727273,82.13636363636364,43.0,648.7727272727273,43.5,303.59090909090907,8.272727272727272,7.7681818181818185,7.622727272727272,7.927272727272729,6.972727272727273,6.154545454545453,6.7,7.309090909090909,6.577272727272727,6.040909090909093,6.654545454545455,7.409090909090909,7.268181818181817,6.645454545454545,6.986363636363635,7.536363636363637,12.0,12.0,10463.181818181818,757.8636363636364,1.5,0.0,0.0,0.0,40.870345318409576,-73.89835998022694
10,11,389.8666666666667,394.53333333333336,380.6,1165.0,83.81346153846154,122.48461538461541,108.83333333333334,2006.0,122.86666666666666,129.03103145936737,5.037051902632397,24.956523002768357,19.784469384244925,29.52354894589415,0.0,20112012.0,0.0,66.96000000000001,562.4666666666667,193.0,155.53333333333333,61.666666666666664,12.13333333333333,105.6,17.38,19.8,3.8466666666666662,243.0,41.34666666666667,278.26666666666665,50.84666666666667,16.4,3.1133333333333337,319.8666666666667,55.89999999999999,242.6,44.1,80.4,79.93333333333334,42.46666666666667,400.73333333333335,27.466666666666665,190.8,8.053333333333333,7.6933333333333325,7.546666666666668,7.826666666666665,7.026666666666666,6.766666666666666,6.999999999999999,7.540000000000001,6.1866666666666665,5.746666666666666,6.26,7.213333333333334,7.086666666666665,6.74,6.94,7.526666666666666,12.0,12.0,10467.933333333332,563.6666666666666,1.5333333333333334,0.0,0.0,0.0,40.873138329133795,-73.85611953619964
11,12,364.7699004975124,379.1094527363184,357.94378109452737,1101.8231343283583,93.1025641025641,139.44230769230774,153.45000000000002,1504.5,110.46774193548386,91.68450410313801,4.15186533560179,22.212077603017036,18.48731245105084,25.804834326535175,0.0,20112012.0,0.0,81.73333333333333,391.0,112.83333333333333,107.0,105.5,27.14166666666667,70.66666666666667,17.21666666666667,5.5,1.5916666666666666,109.75,28.075000000000003,271.75,69.275,3.0,0.8250000000000002,199.91666666666666,50.13333333333335,191.08333333333334,49.86666666666665,80.0,79.75,49.166666666666664,277.3333333333333,21.166666666666668,163.08333333333334,8.65,8.008333333333335,7.808333333333334,8.166666666666666,7.266666666666668,6.758333333333333,7.25,7.816666666666667,7.116666666666667,6.566666666666667,7.116666666666666,7.783333333333334,7.666666666666667,7.1000000000000005,7.391666666666667,7.916666666666665,12.0,12.0,10463.166666666666,409.0,1.0833333333333333,0.0,0.0,0.0,40.83141226741713,-73.88694636583297
12,13,409.3938002296211,424.12743972445463,403.6663605051665,1237.1876004592423,232.9319526627219,382.70414201183434,320.77307692307687,1697.3846153846155,224.59553349875932,218.30605514031623,8.00384158127073,24.621783576297748,19.625240739916855,28.672264858398464,0.0,20112012.0,0.0,63.861538461538466,902.0,237.3846153846154,231.53846153846155,35.46153846153846,8.723076923076924,65.6923076923077,12.084615384615386,272.46153846153845,10.453846153846154,416.0,68.47692307692307,110.0,16.27692307692308,96.23076923076923,3.623076923076922,482.7692307692308,48.70769230769231,419.2307692307692,51.29230769230769,84.15384615384616,77.61538461538461,35.76923076923077,759.8461538461538,40.0,318.38461538461536,8.330769230769231,7.700000000000001,7.6923076923076925,7.884615384615385,7.092307692307691,6.8307692307692305,7.069230769230769,7.6,6.407692307692307,6.069230769230769,6.576923076923077,7.376923076923077,7.269230769230769,6.86923076923077,7.1230769230769235,7.607692307692307,12.0,12.0,11207.153846153846,895.1538461538462,2.076923076923077,0.0,0.0,0.0,40.692864560077396,-73.97701599069195
13,14,395.93710021321965,398.1897654584222,385.33304904051175,1179.4599147121535,77.79807692307693,114.8736263736264,123.28214285714287,1862.7142857142858,112.34792626728111,123.64372819640677,4.905127114948543,24.311291208791207,19.554945054945055,28.511594060701203,0.0,20112012.0,0.0,75.92857142857143,556.2142857142857,164.92857142857142,137.42857142857142,57.785714285714285,9.485714285714286,97.71428571428571,18.599999999999998,19.5,3.8714285714285714,222.42857142857142,42.228571428571435,291.92857142857144,49.66428571428572,18.714285714285715,3.507142857142857,324.7142857142857,58.050000000000004,231.5,41.942857142857136,77.71428571428571,85.5,35.07142857142857,395.64285714285717,32.42857142857143,158.21428571428572,8.357142857142858,7.864285714285715,7.7357142857142875,7.971428571428571,7.2714285714285705,6.6499999999999995,7.257142857142857,7.735714285714287,6.685714285714285,6.207142857142857,6.742857142857143,7.507142857142859,7.435714285714286,6.9142857142857155,7.25,7.750000000000001,12.0,12.0,11210.785714285714,545.3571428571429,2.0,0.0,0.0,0.0,40.7115993947862,-73.94835999728535
14,15,395.67993366500826,404.6285240464345,390.2958540630182,1190.604311774461,94.57478632478633,141.58119658119662,153.45000000000002,1783.111111111111,104.2078853046595,135.70731922398588,5.2365883390393195,25.423643272123666,20.900953159041396,29.287014991181664,0.0,20112012.0,0.0,70.8,562.6666666666666,137.66666666666666,142.66666666666666,48.888888888888886,8.844444444444443,103.33333333333333,17.866666666666667,26.333333333333332,4.966666666666667,251.77777777777777,47.0,246.11111111111111,41.26666666666667,36.44444444444444,6.377777777777777,270.6666666666667,48.21111111111111,292.0,51.788888888888884,81.44444444444444,82.88888888888889,32.333333333333336,433.0,34.77777777777778,170.0,8.077777777777778,7.577777777777778,7.477777777777778,7.844444444444444,6.566666666666666,5.877777777777776,6.288888888888889,7.011111111111111,6.177777777777778,5.9,6.333333333333334,7.222222222222222,6.933333333333334,6.444444444444445,6.7,7.366666666666666,12.0,12.0,11214.222222222223,573.1111111111111,1.6666666666666667,0.0,0.0,0.0,40.67597201177826,-73.98925499922188
15,16,371.52985074626866,379.1641791044776,369.41567164179105,1120.1097014925374,82.26442307692308,126.51923076923077,153.45,1003.0,247.18548387096774,177.50128205128203,6.9705128205128215,24.234006410256413,18.070192307692306,29.30833333333333,0.0,20112012.0,0.0,66.14999999999999,658.5,124.0,141.5,18.75,3.7249999999999996,131.75,19.775,4.75,1.075,562.0,80.14999999999999,80.75,16.9,4.5,0.925,377.75,53.4,280.75,46.6,68.5,75.25,19.5,458.0,31.5,122.0,7.375,6.9,6.875,7.075,5.75,5.25,6.025,6.275,5.875,5.775,6.225,7.1000000000000005,6.325000000000001,5.9750000000000005,6.375,6.824999999999999,12.0,12.0,11219.0,440.25,1.75,0.0,0.0,0.0,40.68800751400046,-73.92968620574965
16,17,386.57142857142856,394.07142857142856,380.7857142857143,1161.4285714285713,105.58379120879123,163.08791208791212,111.3607142857143,2006.0,121.35714285714286,130.24619219482665,5.135694405967515,25.40885406085511,20.284340915853523,29.620045518207284,0.0,20112012.0,0.0,67.63571428571427,554.2857142857143,142.0,145.0,52.357142857142854,11.28571428571429,54.57142857142857,10.62142857142857,16.857142857142858,3.607142857142857,474.2857142857143,83.07142857142857,50.642857142857146,10.664285714285716,9.0,2.05,242.85714285714286,47.99999999999999,311.42857142857144,52.00000000000001,78.78571428571429,77.71428571428571,41.214285714285715,426.42857142857144,27.357142857142858,209.85714285714286,7.835714285714287,7.6428571428571415,7.549999999999999,7.828571428571428,6.957142857142856,6.6000000000000005,7.192857142857143,7.642857142857143,6.007142857142858,5.885714285714286,6.3999999999999995,7.228571428571429,6.935714285714285,6.707142857142858,7.0357142857142865,7.57142857142857,12.0,12.0,11220.642857142857,547.0714285714286,1.6428571428571428,0.0,0.0,0.0,40.660312690000474,-73.95563569785676
17,18,373.45454545454544,373.09090909090907,371.45454545454544,1118.0,129.02884615384616,197.0384615384616,153.45000000000002,1276.5454545454545,72.77126099706744,72.20943810973716,3.3179547525839386,22.10253793920062,18.814864123117715,25.448084484627543,0.0,20112012.0,0.0,65.89999999999999,332.27272727272725,98.63636363636364,94.45454545454545,29.545454545454547,8.754545454545454,53.36363636363637,16.363636363636367,4.181818181818182,1.2363636363636366,290.27272727272725,87.32727272727271,32.36363636363637,9.718181818181819,3.727272727272727,1.1636363636363638,164.9090909090909,51.22727272727272,167.36363636363637,48.77272727272727,78.18181818181819,83.36363636363636,31.454545454545453,222.1818181818182,18.454545454545453,89.18181818181819,8.272727272727273,7.718181818181819,7.572727272727272,7.963636363636365,6.890909090909091,6.4,6.9363636363636365,7.390909090909091,6.1909090909090905,6.018181818181817,6.409090909090909,7.20909090909091,7.109090909090909,6.718181818181819,6.963636363636365,7.527272727272727,12.0,12.0,11224.0,344.0,1.0909090909090908,0.0,0.0,0.0,40.641862776636835,-73.91472575354513
18,19,367.0833333333333,377.5833333333333,359.1666666666667,1103.8333333333333,88.09775641025641,124.76923076923082,120.67083333333335,1838.8333333333333,114.3225806451613,105.75262452975302,4.247924382763778,24.314441945545855,19.921010870149804,28.14899575184018,0.0,20112012.0,0.0,71.83333333333333,492.5,146.75,125.83333333333333,62.833333333333336,14.941666666666668,75.66666666666667,15.291666666666664,15.75,3.1916666666666664,285.0,55.066666666666656,182.66666666666666,39.916666666666664,5.833333333333333,1.1500000000000001,284.5,53.724999999999994,208.0,46.275,70.83333333333333,89.16666666666667,34.083333333333336,311.9166666666667,28.5,141.33333333333334,7.591666666666666,7.575,7.375,7.658333333333332,6.516666666666667,6.3999999999999995,6.766666666666666,7.308333333333334,6.1499999999999995,5.933333333333334,6.458333333333333,7.141666666666667,6.758333333333333,6.641666666666667,6.866666666666667,7.350000000000001,12.0,12.0,11207.5,440.4166666666667,1.9166666666666667,0.0,0.0,0.0,40.67654695925047,-73.8821576699163
19,20,406.22388059701495,465.7313432835821,401.73253731343283,1273.68776119403,227.80576923076924,359.40769230769234,177.69,1604.8,591.3741935483871,420.02976608187134,14.721019214703427,25.42336591478697,17.68156223893066,29.74583124477861,0.0,20112012.0,0.0,65.84,2462.6,734.2,780.2,601.4,20.8,341.2,15.139999999999997,844.6,32.92,186.8,12.620000000000001,766.0,32.3,658.2,21.839999999999996,1345.2,44.92,1117.4,55.08,64.4,78.2,25.0,1360.2,107.0,602.4,7.92,7.18,7.24,7.459999999999999,7.8199999999999985,7.659999999999999,7.8,8.279999999999998,7.12,6.34,7.039999999999999,7.639999999999999,7.62,7.08,7.38,7.8,12.0,12.0,11210.2,2521.4,3.8,0.0,0.0,0.0,40.626751010200465,-74.00619053079966
20,21,395.2835820895523,421.78697421981,389.24206241519676,1206.312618724559,135.46765734265736,203.83566433566438,142.37727272727273,1823.6363636363637,275.3519061583578,224.70298942543525,8.191627464382883,25.284294492916786,20.167110289091717,28.885219733826546,0.0,20112012.0,0.0,62.22727272727272,1160.0,323.8181818181818,350.0,160.9090909090909,17.163636363636364,157.36363636363637,14.454545454545451,262.09090909090907,17.272727272727273,364.90909090909093,33.40909090909091,230.45454545454547,23.409090909090914,297.45454545454544,25.527272727272734,616.0909090909091,58.17272727272727,543.9090909090909,41.82727272727272,79.27272727272727,89.18181818181819,34.54545454545455,930.5454545454545,64.45454545454545,336.1818181818182,7.818181818181818,7.336363636363637,7.263636363636365,7.527272727272727,7.072727272727272,6.4,6.963636363636363,7.472727272727273,6.390909090909091,6.081818181818182,6.5,7.163636363636363,7.090909090909091,6.609090909090909,6.909090909090909,7.390909090909091,12.0,12.0,11221.0,1098.2727272727273,3.272727272727273,0.0,0.0,0.0,40.59359646018228,-73.97846547554512
21,22,473.5,502.75,474.25,1450.5,391.00721153846155,614.5096153846154,370.3625,2006.0,580.25,495.27936876504987,15.777390780873752,30.077635878912968,22.509674922600617,33.46474028207774,0.0,20112012.0,0.0,44.225,2142.5,549.0,616.75,138.25,4.3999999999999995,166.25,6.65,507.75,17.975,622.25,35.1,271.0,12.35,732.0,33.974999999999994,1015.75,44.3,1126.75,55.7,90.25,87.5,48.75,1887.25,89.5,1106.25,8.3,7.324999999999999,7.525,7.775,8.175,7.3999999999999995,7.6,8.2,7.025,6.05,6.775,7.5,7.85,6.9,7.3,7.85,12.0,12.0,11223.0,2149.0,2.25,0.0,0.0,0.0,40.61828543450048,-73.95228777274964
22,23,380.6666666666667,398.6666666666667,378.0,1157.3333333333333,29.0,31.0,153.45,2006.0,87.0,120.11309523809524,4.9851190476190474,24.299702380952386,18.654761904761905,28.99404761904762,0.0,20112012.0,0.0,70.39999999999999,503.6666666666667,137.66666666666666,107.0,8.0,1.5999999999999999,68.66666666666667,14.466666666666667,6.0,1.1333333333333335,438.0,87.13333333333333,53.333333333333336,10.600000000000001,3.3333333333333335,0.5666666666666667,221.33333333333334,44.43333333333334,282.3333333333333,55.56666666666666,84.0,73.66666666666667,40.666666666666664,420.3333333333333,25.333333333333332,175.0,7.900000000000001,7.533333333333334,7.566666666666666,7.7,7.033333333333334,6.433333333333334,6.666666666666667,7.366666666666667,6.233333333333334,6.066666666666666,6.766666666666667,7.566666666666666,7.066666666666666,6.7,7.0,7.566666666666666,12.0,12.0,11219.0,391.0,1.3333333333333333,0.0,0.0,0.0,40.66858640233382,-73.91229792699966
23,24,405.84615384615387,434.0,402.15384615384613,1242.0,126.47485207100593,179.09467455621305,115.16538461538462,1851.6923076923076,234.68238213399505,213.4719034359306,8.613529425576937,23.865936020364757,18.565039516792908,28.251470864479913,0.0,20112012.0,0.0,62.58461538461539,991.0,265.9230769230769,260.6923076923077,179.76923076923077,21.069230769230764,97.07692307692308,9.607692307692307,182.69230769230768,17.176923076923075,74.76923076923077,7.799999999999999,616.6153846153846,63.41538461538461,113.46153846153847,11.284615384615384,572.7692307692307,51.64615384615384,418.2307692307692,48.35384615384616,83.84615384615384,83.23076923076923,35.69230769230769,765.4615384615385,47.76923076923077,247.69230769230768,8.461538461538463,7.684615384615384,7.56923076923077,7.86923076923077,7.66923076923077,6.569230769230767,7.23076923076923,7.723076923076923,7.107692307692307,6.169230769230769,6.7846153846153845,7.5,7.753846153846154,6.807692307692308,7.1923076923076925,7.707692307692309,12.0,12.0,11206.153846153846,962.4615384615385,2.230769230769231,0.0,0.0,0.0,40.7406212917697,-73.91151770399966
24,25,437.25,483.5,436.25,1357.0,205.26081730769232,279.8894230769231,174.79375,1755.25,268.73387096774195,280.5760065227171,9.990385318263607,27.106269821187585,21.213188821412505,31.37121991677913,0.0,20112012.0,0.0,52.949999999999996,1356.75,419.0,322.5,257.5,19.737499999999997,136.75,9.975000000000001,465.25,40.599999999999994,240.375,13.0625,494.0,29.237500000000004,148.875,16.5375,669.5,48.5,687.25,51.49999999999999,87.0,78.5,37.625,1028.25,56.0,370.875,8.174999999999999,7.5375,7.4125,7.6875,7.4875,6.825000000000001,7.2,7.7125,6.9125,6.15,6.712500000000001,7.3999999999999995,7.525,6.8374999999999995,7.112500000000001,7.6125,12.0,12.0,11361.0,1288.875,1.875,0.0,0.0,0.0,40.745414434625474,-73.81555759787466
25,26,445.2,487.6,444.8,1377.6,410.6057692307692,632.4076923076923,392.09000000000003,2006.0,825.6,595.953216374269,19.240116959064327,29.9711403508772,20.315789473684212,33.554327485380114,0.0,20112012.0,0.0,43.8,2991.6,750.6,778.0,248.6,7.4799999999999995,350.0,11.959999999999999,1259.2,38.14,676.4,28.419999999999998,604.8,19.380000000000003,432.4,13.419999999999998,1475.0,49.21999999999999,1516.6,50.78000000000001,67.0,83.4,23.8,1930.8,129.8,684.2,7.7200000000000015,6.9799999999999995,7.220000000000001,7.26,7.0,6.58,6.840000000000001,7.26,6.76,6.06,6.660000000000001,7.38,7.139999999999999,6.539999999999999,6.9,7.3,12.0,12.0,11388.6,2837.4,4.6,0.0,0.0,0.0,40.74850737000047,-73.75917570219966
26,27,407.8,422.2,394.3,1224.3,100.61153846153846,145.31538461538463,95.125,1404.2,288.9612903225806,249.32453592159476,9.019043409291088,26.649658873977764,20.757534708153905,30.9380814575861,0.0,20112012.0,0.0,61.34000000000001,1148.2,310.1,286.2,117.8,6.82,134.6,11.95,263.1,16.889999999999997,365.7,39.76,394.1,31.380000000000006,103.9,10.75,610.7,52.39999999999999,537.5,47.60000000000001,76.9,86.5,40.9,775.1,59.2,276.8,7.830000000000001,7.4,7.369999999999999,7.640000000000001,6.93,6.779999999999999,7.06,7.630000000000001,6.390000000000001,5.999999999999999,6.499999999999998,7.31,7.010000000000001,6.709999999999999,6.95,7.510000000000001,12.0,12.0,11556.3,1072.0,2.5,0.0,0.0,0.0,40.63882803050048,-73.80782323469965
27,28,445.9416553595658,465.9972862957938,435.9080054274084,1347.846947082768,182.01048951048952,273.5594405594406,175.33636363636364,1094.1818181818182,351.21407624633434,255.38116352601648,8.719057747065767,26.77080745383553,21.349816152356258,30.172038181663854,0.0,20112012.0,0.0,53.790909090909096,1210.6363636363637,319.72727272727275,308.1818181818182,87.36363636363636,4.963636363636365,123.45454545454545,9.82727272727273,403.72727272727275,31.34545454545454,343.72727272727275,37.50909090909091,283.45454545454544,19.954545454545453,165.63636363636363,9.4,590.3636363636364,45.86363636363637,620.2727272727273,54.13636363636363,85.0909090909091,85.54545454545455,40.54545454545455,872.5454545454545,54.72727272727273,362.6363636363636,8.172727272727272,7.59090909090909,7.472727272727272,7.781818181818182,7.6,7.145454545454545,7.363636363636363,7.972727272727273,6.627272727272728,6.081818181818182,6.618181818181818,7.454545454545453,7.463636363636363,6.9363636363636365,7.145454545454545,7.745454545454546,12.0,12.0,11422.0,1304.2727272727273,2.5454545454545454,0.0,0.0,0.0,40.70934436200047,-73.80636738127238
28,29,395.7649253731343,399.4570895522388,386.7078358208955,1181.9298507462686,63.38581730769231,96.51442307692308,135.26875,1755.25,98.10887096774194,88.37215544871795,3.4541933760683765,25.35563167735043,21.40920138888889,28.6727297008547,0.0,20112012.0,0.0,52.3625,428.25,127.25,98.25,12.625,2.9124999999999996,56.125,13.0375,20.75,4.824999999999999,359.875,83.98750000000001,39.0,9.15,4.125,1.05,219.875,51.862500000000004,208.375,48.1375,77.625,90.625,44.75,294.5,21.375,146.5,7.7625,7.3625,7.325,7.5625,7.050000000000001,6.9125000000000005,7.162500000000001,7.575,6.075,5.9625,6.4875,7.25,6.9625,6.7375,7.000000000000001,7.4750000000000005,12.0,12.0,11413.625,474.125,1.25,0.0,0.0,0.0,40.685275962750474,-73.75273976974967
29,30,430.6799336650083,465.9618573797678,429.7402985074627,1326.3820895522388,157.23183760683762,252.12393162393158,115.14999999999999,1560.2222222222222,310.52688172043014,251.80374444956482,9.260485999495286,25.715644139142594,19.31227310128239,29.76072617899243,0.0,20112012.0,0.0,54.2111111111111,1221.5555555555557,327.3333333333333,347.44444444444446,220.55555555555554,16.133333333333333,125.11111111111111,7.988888888888888,281.77777777777777,24.86666666666666,124.22222222222223,10.444444444444445,607.2222222222222,43.52222222222222,204.44444444444446,20.788888888888884,604.1111111111111,44.77777777777778,617.4444444444445,55.22222222222222,89.0,85.44444444444444,42.333333333333336,963.4444444444445,63.111111111111114,318.77777777777777,8.222222222222221,7.444444444444445,7.433333333333333,7.699999999999999,7.5,6.655555555555555,6.911111111111111,7.533333333333333,7.033333333333333,6.166666666666667,6.844444444444444,7.511111111111112,7.577777777777778,6.744444444444445,7.077777777777778,7.58888888888889,12.0,12.0,11103.0,1123.3333333333333,2.5555555555555554,0.0,0.0,0.0,40.75539829766714,-73.93230589744411
30,31,457.5,472.5,452.5,1382.5,228.90865384615387,355.11153846153843,194.435,1805.4,450.78709677419357,380.5283187134503,13.251283969728243,28.119728801169593,19.99549449604403,32.785641124871,0.0,20112012.0,0.0,38.309999999999995,1850.6,544.8,476.5,64.2,2.8600000000000003,301.5,16.71,177.7,10.299999999999999,307.3,18.270000000000003,418.7,22.170000000000005,938.7,48.809999999999995,948.5,52.089999999999996,902.1,47.91,88.9,91.3,43.5,1476.6,88.9,593.3,7.8,7.390000000000001,7.459999999999999,7.62,7.210000000000001,7.140000000000001,7.390000000000001,7.860000000000001,6.529999999999999,6.069999999999999,6.780000000000001,7.33,7.2,6.87,7.2,7.609999999999999,12.0,12.0,10307.1,1847.5,5.0,0.0,0.0,0.0,40.59568025910047,-74.12572598019965
31,32,371.5,385.8333333333333,362.1666666666667,1119.5,70.34294871794872,100.17948717948718,83.55833333333332,2006.0,105.33333333333333,100.52561274509804,4.4505718954248366,22.479803921568628,17.936519607843135,26.816013071895426,0.0,20112012.0,0.0,82.86666666666667,420.8333333333333,98.83333333333333,97.5,79.5,18.533333333333335,67.5,15.65,6.333333333333333,1.75,82.0,19.833333333333336,326.1666666666667,76.85,3.8333333333333335,0.9666666666666667,217.83333333333334,51.71666666666667,203.0,48.28333333333333,75.66666666666667,72.33333333333333,34.666666666666664,312.8333333333333,22.333333333333332,137.83333333333334,8.35,8.049999999999999,7.883333333333333,8.216666666666667,7.050000000000001,6.166666666666667,6.8999999999999995,7.483333333333334,6.766666666666667,6.033333333333332,6.783333333333334,7.483333333333333,7.383333333333334,6.75,7.199999999999999,7.733333333333334,12.0,12.0,11231.666666666666,381.5,1.0,0.0,0.0,0.0,40.69629515800046,-73.91712351233296
